0,1
@realDonaldTrump,918
@WhiteHouse,655
@TeamTrump,273
@GOPChairwoman,211
@DanScavino,145
@Jim_Jordan,136
@GOP,132
@Scavino45,114
@DonaldJTrumpJr,113
@IvankaTrump,105
@GreggJarrett,104
@EricTrump,94
@TomFitton,94
@paulsperry_,85
@RepMarkMeadows,80
@marklevinshow,78
@TrumpWarRoom,73
@LindseyGrahamSC,72
@charliekirk11,70
@dbongino,69
@SenateGOP,68
@GOPLeader,66
@JudicialWatch,59
@senatemajldr,57
@foxandfriends,56
@seanhannity,55
@VP,55
@SteveScalise,53
@MZHemingway,52
@FLOTUS,52
@LouDobbs,48
@DailyCaller,46
@BuckSexton,45
@RepAndyBiggsAZ,45
@RepLeeZeldin,45
@KimStrassel,42
@Mike_Pence,41
@MariaBartiromo,41
@PressSec,39
@SaraCarterDC,38
@RepDougCollins,38
@RepMattGaetz,37
@NHC_Atlantic,37
@JohnWHuber,34
@MarshaBlackburn,33
@AndrewCMcCarthy,31
@RandPaul,30
@IngrahamAngle,30
@TVNewsHQ,30
@mike_pence,30
@jsolomonReports,29
@CLewandowski_,27
@parscale,27
@GOPoversight,27
@ByronYork,26
@FoxNews,26
@GeraldoRivera,25
@DevinNunes,25
@BreitbartNews,25
@SenTomCotton,24
@dcexaminer,24
@thebradfordfile,24
@RNCResearch,24
@DRUDGE_REPORT,24
@seanmdav,23
@JackPosobiec,23
@CDCgov,23
@marcorubio,23
@Lrihendry,23
@SenTedCruz,22
@thehill,22
@PollWatch2020,22
@OANN,21
@DavidJHarrisJr,20
@JennaEllisEsq,20
@NRA,19
@Varneyco,19
@kayleighmcenany,19
@RudyGiuliani,19
@hughhewitt,19
@JesseBWatters,19
@HouseGOP,18
@RealJamesWoods,18
@fema,18
@KatrinaPierson,17
@SenJohnBarrasso,17
@ericbolling,17
@HawleyMO,17
@thejtlewis,16
@TimMurtaugh,16
@RichardGrenell,16
@tedcruz,16
@bennyjohnson,16
@TheRightMelissa,15
@KellyannePolls,15
@SenRonJohnson,15
@SenThomTillis,15
@EliseStefanik,15
@brithume,15
@ChuckGrassley,15
